mae,median_ae
0.4227499999999999,0.34999999999999964
